Question,Answer
What is Data Science?,Data Science is a multidisciplinary field that involves extracting insights and knowledge from data...
Explain the difference between supervised and unsupervised learning.,"In supervised learning, the algorithm is trained on a labeled dataset, where the input data is paired with corresponding output labels..."
"How does regularization work in machine learning, and why is it important?",Regularization is a technique used in machine learning to prevent overfitting...
"What is the Central Limit Theorem, and why is it important in statistics?",The Central Limit Theorem states that the distribution of sample means of a random variable will be approximately normally distributed...
How do you handle imbalanced datasets in classification problems?,Imbalanced datasets occur when one class is significantly underrepresented compared to others...
"What is Bayes' Theorem, and how is it used in data science?",Bayes' Theorem is a mathematical formula that calculates the probability of an event based on prior knowledge of conditions that might be related to the event...
"Define the term ""normal distribution"" and discuss its importance in statistics.","A normal distribution is a symmetric, bell-shaped probability distribution that is characterized by its mean and standard deviation..."
What are some common techniques for handling missing data in a dataset?,"Common techniques for handling missing data include imputation, deletion, or using advanced methods like K-Nearest Neighbors imputation..."
Explain the concept of outlier detection and mention a few methods for identifying outliers.,Outlier detection involves identifying data points that significantly deviate from the rest of the dataset...
How would you deal with duplicate values in a dataset?,Dealing with duplicate values can involve removing them or aggregating information...
What is the purpose of the Extract phase in ETL?,The Extract phase in ETL involves extracting data from various sources...
How do you handle data transformation in the context of ETL processes?,"Data transformation in ETL processes includes cleaning, restructuring, and enriching data..."
Explain the significance of the Load phase in the ETL process.,The Load phase in ETL is crucial for loading transformed data into the target destination...
What is the difference between population and sample in statistics?,Population refers to the entire group of individuals or instances about whom we are interested in making inferences...
"Define the term ""p-value"" in statistics.",The p-value is the probability of obtaining results as extreme as the observed results of a statistical hypothesis test...
Explain the difference between probability and likelihood.,"Probability is a measure of the likelihood that a particular event will occur, while likelihood is a measure of how well a model explains observed data..."
How would you explain the concept of conditional probability to someone unfamiliar with it?,Conditional probability is the probability of an event occurring given that another event has already occurred...
What is the difference between precision and recall in a classification problem?,"Precision is the ratio of correctly predicted positive observations to the total predicted positives, while recall is the ratio of correctly predicted positive observations to the all observations in actual class..."
Define overfitting and how to prevent it in machine learning models.,"Overfitting occurs when a model learns the training data too well, capturing noise and producing a poor performance on new, unseen data..."
"What is cross-validation, and why is it important?",Cross-validation is a technique used to assess how well a predictive model generalizes to an independent dataset...
Explain the concept of A/B testing.,A/B testing is a statistical method used to compare two versions of a product or service to determine which performs better...
How do you assess feature importance in a machine learning model?,"Feature importance can be assessed using techniques such as permutation importance, tree-based methods, or model-specific methods..."
What is the curse of dimensionality?,The curse of dimensionality refers to various phenomena that arise when analyzing and organizing data in high-dimensional spaces...
Discuss the trade-off between bias and variance in machine learning models.,"The trade-off between bias and variance is a fundamental concept in machine learning, indicating the balance between model simplicity and its ability to capture complex patterns..."
Explain the difference between correlation and causation.,"Correlation measures the strength and direction of a linear relationship between two variables, while causation implies that one variable causes the other to change. Correlation does not imply causation..."
What is the difference between bagging and boosting in machine learning?,Bagging and boosting are ensemble learning techniques that aim to improve the performance of machine learning models by combining multiple weak learners...
Explain the concept of cross-entropy in the context of classification.,Cross-entropy is a loss function used in classification problems to measure the difference between the predicted probabilities and the true distribution of the data...
"What are hyperparameters, and how do they differ from parameters in a machine learning model?","Hyperparameters are configuration settings used to structure machine learning models, while parameters are the internal variables learned by the model from training data..."
Discuss the purpose of feature scaling in machine learning.,Feature scaling is the process of standardizing or normalizing the features of a dataset to ensure they are on a similar scale...
How does the k-nearest neighbors (KNN) algorithm work?,The k-nearest neighbors (KNN) algorithm classifies a data point based on the majority class of its k-nearest neighbors in the feature space...
What is the purpose of a confusion matrix in classification problems?,"A confusion matrix is a table used in classification to evaluate the performance of a model by displaying the number of true positives, true negatives, false positives, and false negatives..."
Explain the concept of ensemble learning.,Ensemble learning involves combining the predictions of multiple models to achieve better overall performance than individual models...
How do you handle categorical variables in a machine learning model?,Categorical variables are typically encoded using techniques like one-hot encoding or label encoding to make them suitable for machine learning models...
What is the purpose of the sigmoid function in logistic regression?,The sigmoid function is used in logistic regression to map predicted values to probabilities between 0 and 1...
Discuss the differences between L1 and L2 regularization in linear models.,"L1 regularization adds a penalty term proportional to the absolute values of the model coefficients, while L2 regularization adds a penalty term proportional to the squared values of the coefficients..."
What is the difference between a Type I and Type II error in hypothesis testing?,"Type I error occurs when a true null hypothesis is incorrectly rejected, while Type II error occurs when a false null hypothesis is not rejected..."
Explain the bias-variance trade-off in the context of model complexity.,The bias-variance trade-off involves finding the right level of model complexity to balance errors from underfitting and overfitting...
How can you assess the multicollinearity of features in a regression model?,"Multicollinearity occurs when two or more features in a regression model are highly correlated, making it challenging to distinguish their individual effects..."
"What is the elbow method, and how is it used in determining the optimal number of clusters in K-means clustering?","The elbow method is a technique used in K-means clustering to determine the optimal number of clusters by identifying the ""elbow"" point in the plot of within-cluster sum of squares..."
Discuss the concept of dimensionality reduction and mention a popular technique for achieving it.,Dimensionality reduction aims to reduce the number of features in a dataset while preserving its important information. Principal Component Analysis (PCA) is a popular technique for dimensionality reduction...
How does a decision tree algorithm make decisions?,"A decision tree algorithm makes decisions by recursively splitting the data based on features, creating a tree-like structure of decision nodes and leaf nodes..."
What is the purpose of a learning curve in machine learning?,A learning curve shows the relationship between a models performance and the amount of training data. It helps assess whether the model would benefit from more data...
Explain the concept of batch normalization in deep learning.,"Batch normalization is a technique used in deep learning to standardize the inputs of each layer in a mini-batch, improving the training stability and convergence of neural networks..."
How do you handle time-series data in a machine learning model?,"Time-series data is typically handled by considering temporal aspects, using techniques such as lag features and recurrent neural networks..."
What is the purpose of a chi-square test in statistics?,A chi-square test is a statistical test used to determine if there is a significant association between two categorical variables...
Discuss the differences between precision and specificity.,"Precision measures the ratio of correctly predicted positive observations to the total predicted positives, while specificity measures the ratio of correctly predicted negative observations to the total predicted negatives..."
Explain the concept of feature engineering.,Feature engineering involves creating new features or transforming existing ones to improve a models performance...
How does the gradient descent optimization algorithm work?,Gradient descent is an optimization algorithm used to minimize the cost function of a model by adjusting its parameters iteratively...
What is the difference between overfitting and underfitting in machine learning?,"Overfitting occurs when a model is too complex and captures noise in the training data, while underfitting occurs when a model is too simple and fails to capture underlying patterns..."
